english,japanese
word1,ワード1
word2,ワード2
word3,ワード3
word4,ワード4
word5,ワード5
word6,ワード6
word7,ワード7
word8,ワード8
word9,ワード9
word10,ワード10
word11,ワード11
word12,ワード12
word13,ワード13
word14,ワード14
word15,ワード15
word16,ワード16
word17,ワード17
word18,ワード18
word19,ワード19
word20,ワード20
word21,ワード21
word22,ワード22
word23,ワード23
word24,ワード24
word25,ワード25
word26,ワード26
word27,ワード27
word28,ワード28
word29,ワード29
word30,ワード30
word31,ワード31
word32,ワード32
word33,ワード33
word34,ワード34
word35,ワード35
word36,ワード36
word37,ワード37
word38,ワード38
word39,ワード39
word40,ワード40
word41,ワード41
word42,ワード42
word43,ワード43
word44,ワード44
word45,ワード45
word46,ワード46
word47,ワード47
word48,ワード48
word49,ワード49
word50,ワード50
word51,ワード51
word52,ワード52
word53,ワード53
word54,ワード54
word55,ワード55
word56,ワード56
word57,ワード57
word58,ワード58
word59,ワード59
word60,ワード60
word61,ワード61
word62,ワード62
word63,ワード63
word64,ワード64
word65,ワード65
word66,ワード66
word67,ワード67
word68,ワード68
word69,ワード69
word70,ワード70
word71,ワード71
word72,ワード72
word73,ワード73
word74,ワード74
word75,ワード75
word76,ワード76
word77,ワード77
word78,ワード78
word79,ワード79
word80,ワード80
word81,ワード81
word82,ワード82
word83,ワード83
word84,ワード84
word85,ワード85
word86,ワード86
word87,ワード87
word88,ワード88
word89,ワード89
word90,ワード90
word91,ワード91
word92,ワード92
word93,ワード93
word94,ワード94
word95,ワード95
word96,ワード96
word97,ワード97
word98,ワード98
word99,ワード99
word100,ワード100
word101,ワード101
word102,ワード102
word103,ワード103
word104,ワード104
word105,ワード105
word106,ワード106
word107,ワード107
word108,ワード108
word109,ワード109
word110,ワード110
word111,ワード111
word112,ワード112
word113,ワード113
word114,ワード114
word115,ワード115
word116,ワード116
word117,ワード117
word118,ワード118
word119,ワード119
word120,ワード120
word121,ワード121
word122,ワード122
word123,ワード123
word124,ワード124
word125,ワード125
word126,ワード126
word127,ワード127
word128,ワード128
word129,ワード129
word130,ワード130
word131,ワード131
word132,ワード132
word133,ワード133
word134,ワード134
word135,ワード135
word136,ワード136
word137,ワード137
word138,ワード138
word139,ワード139
word140,ワード140
word141,ワード141
word142,ワード142
word143,ワード143
word144,ワード144
word145,ワード145
word146,ワード146
word147,ワード147
word148,ワード148
word149,ワード149
word150,ワード150
word151,ワード151
word152,ワード152
word153,ワード153
word154,ワード154
word155,ワード155
word156,ワード156
word157,ワード157
word158,ワード158
word159,ワード159
word160,ワード160
word161,ワード161
word162,ワード162
word163,ワード163
word164,ワード164
word165,ワード165
word166,ワード166
word167,ワード167
word168,ワード168
word169,ワード169
word170,ワード170
word171,ワード171
word172,ワード172
word173,ワード173
word174,ワード174
word175,ワード175
word176,ワード176
word177,ワード177
word178,ワード178
word179,ワード179
word180,ワード180
word181,ワード181
word182,ワード182
word183,ワード183
word184,ワード184
word185,ワード185
word186,ワード186
word187,ワード187
word188,ワード188
word189,ワード189
word190,ワード190
word191,ワード191
word192,ワード192
word193,ワード193
word194,ワード194
word195,ワード195
word196,ワード196
word197,ワード197
word198,ワード198
word199,ワード199
word200,ワード200
word201,ワード201
word202,ワード202
word203,ワード203
word204,ワード204
word205,ワード205
word206,ワード206
word207,ワード207
word208,ワード208
word209,ワード209
word210,ワード210
word211,ワード211
word212,ワード212
word213,ワード213
word214,ワード214
word215,ワード215
word216,ワード216
word217,ワード217
word218,ワード218
word219,ワード219
word220,ワード220
word221,ワード221
word222,ワード222
word223,ワード223
word224,ワード224
word225,ワード225
word226,ワード226
word227,ワード227
word228,ワード228
word229,ワード229
word230,ワード230
word231,ワード231
word232,ワード232
word233,ワード233
word234,ワード234
word235,ワード235
word236,ワード236
word237,ワード237
word238,ワード238
word239,ワード239
word240,ワード240
word241,ワード241
word242,ワード242
word243,ワード243
word244,ワード244
word245,ワード245
word246,ワード246
word247,ワード247
word248,ワード248
word249,ワード249
word250,ワード250
word251,ワード251
word252,ワード252
word253,ワード253
word254,ワード254
word255,ワード255
word256,ワード256
word257,ワード257
word258,ワード258
word259,ワード259
word260,ワード260
word261,ワード261
word262,ワード262
word263,ワード263
word264,ワード264
word265,ワード265
word266,ワード266
word267,ワード267
word268,ワード268
word269,ワード269
word270,ワード270
word271,ワード271
word272,ワード272
word273,ワード273
word274,ワード274
word275,ワード275
word276,ワード276
word277,ワード277
word278,ワード278
word279,ワード279
word280,ワード280
word281,ワード281
word282,ワード282
word283,ワード283
word284,ワード284
word285,ワード285
word286,ワード286
word287,ワード287
word288,ワード288
word289,ワード289
word290,ワード290
word291,ワード291
word292,ワード292
word293,ワード293
word294,ワード294
word295,ワード295
word296,ワード296
word297,ワード297
word298,ワード298
word299,ワード299
word300,ワード300
word301,ワード301
word302,ワード302
word303,ワード303
word304,ワード304
word305,ワード305
word306,ワード306
word307,ワード307
word308,ワード308
word309,ワード309
word310,ワード310
word311,ワード311
word312,ワード312
word313,ワード313
word314,ワード314
word315,ワード315
word316,ワード316
word317,ワード317
word318,ワード318
word319,ワード319
word320,ワード320
word321,ワード321
word322,ワード322
word323,ワード323
word324,ワード324
word325,ワード325
word326,ワード326
word327,ワード327
word328,ワード328
word329,ワード329
word330,ワード330
word331,ワード331
word332,ワード332
word333,ワード333
word334,ワード334
word335,ワード335
word336,ワード336
word337,ワード337
word338,ワード338
word339,ワード339
word340,ワード340
word341,ワード341
word342,ワード342
word343,ワード343
word344,ワード344
word345,ワード345
word346,ワード346
word347,ワード347
word348,ワード348
word349,ワード349
word350,ワード350
word351,ワード351
word352,ワード352
word353,ワード353
word354,ワード354
word355,ワード355
word356,ワード356
word357,ワード357
word358,ワード358
word359,ワード359
word360,ワード360
word361,ワード361
word362,ワード362
word363,ワード363
word364,ワード364
word365,ワード365
word366,ワード366
word367,ワード367
word368,ワード368
word369,ワード369
word370,ワード370
word371,ワード371
word372,ワード372
word373,ワード373
word374,ワード374
word375,ワード375
word376,ワード376
word377,ワード377
word378,ワード378
word379,ワード379
word380,ワード380
word381,ワード381
word382,ワード382
word383,ワード383
word384,ワード384
word385,ワード385
word386,ワード386
word387,ワード387
word388,ワード388
word389,ワード389
word390,ワード390
word391,ワード391
word392,ワード392
word393,ワード393
word394,ワード394
word395,ワード395
word396,ワード396
word397,ワード397
word398,ワード398
word399,ワード399
word400,ワード400
word401,ワード401
word402,ワード402
word403,ワード403
word404,ワード404
word405,ワード405
word406,ワード406
word407,ワード407
word408,ワード408
word409,ワード409
word410,ワード410
word411,ワード411
word412,ワード412
word413,ワード413
word414,ワード414
word415,ワード415
word416,ワード416
word417,ワード417
word418,ワード418
word419,ワード419
word420,ワード420
word421,ワード421
word422,ワード422
word423,ワード423
word424,ワード424
word425,ワード425
word426,ワード426
word427,ワード427
word428,ワード428
word429,ワード429
word430,ワード430
word431,ワード431
word432,ワード432
word433,ワード433
word434,ワード434
word435,ワード435
word436,ワード436
word437,ワード437
word438,ワード438
word439,ワード439
word440,ワード440
word441,ワード441
word442,ワード442
word443,ワード443
word444,ワード444
word445,ワード445
word446,ワード446
word447,ワード447
word448,ワード448
word449,ワード449
word450,ワード450
word451,ワード451
word452,ワード452
word453,ワード453
word454,ワード454
word455,ワード455
word456,ワード456
word457,ワード457
word458,ワード458
word459,ワード459
word460,ワード460
word461,ワード461
word462,ワード462
word463,ワード463
word464,ワード464
word465,ワード465
word466,ワード466
word467,ワード467
word468,ワード468
word469,ワード469
word470,ワード470
word471,ワード471
word472,ワード472
word473,ワード473
word474,ワード474
word475,ワード475
word476,ワード476
word477,ワード477
word478,ワード478
word479,ワード479
word480,ワード480
word481,ワード481
word482,ワード482
word483,ワード483
word484,ワード484
word485,ワード485
word486,ワード486
word487,ワード487
word488,ワード488
word489,ワード489
word490,ワード490
word491,ワード491
word492,ワード492
word493,ワード493
word494,ワード494
word495,ワード495
word496,ワード496
word497,ワード497
word498,ワード498
word499,ワード499
word500,ワード500
word501,ワード501
word502,ワード502
word503,ワード503
word504,ワード504
word505,ワード505
word506,ワード506
word507,ワード507
word508,ワード508
word509,ワード509
word510,ワード510
word511,ワード511
word512,ワード512
word513,ワード513
word514,ワード514
word515,ワード515
word516,ワード516
word517,ワード517
word518,ワード518
word519,ワード519
word520,ワード520
word521,ワード521
word522,ワード522
word523,ワード523
word524,ワード524
word525,ワード525
word526,ワード526
word527,ワード527
word528,ワード528
word529,ワード529
word530,ワード530
word531,ワード531
word532,ワード532
word533,ワード533
word534,ワード534
word535,ワード535
word536,ワード536
word537,ワード537
word538,ワード538
word539,ワード539
word540,ワード540
word541,ワード541
word542,ワード542
word543,ワード543
word544,ワード544
word545,ワード545
word546,ワード546
word547,ワード547
word548,ワード548
word549,ワード549
word550,ワード550
word551,ワード551
word552,ワード552
word553,ワード553
word554,ワード554
word555,ワード555
word556,ワード556
word557,ワード557
word558,ワード558
word559,ワード559
word560,ワード560
word561,ワード561
word562,ワード562
word563,ワード563
word564,ワード564
word565,ワード565
word566,ワード566
word567,ワード567
word568,ワード568
word569,ワード569
word570,ワード570
word571,ワード571
word572,ワード572
word573,ワード573
word574,ワード574
word575,ワード575
word576,ワード576
word577,ワード577
word578,ワード578
word579,ワード579
word580,ワード580
word581,ワード581
word582,ワード582
word583,ワード583
word584,ワード584
word585,ワード585
word586,ワード586
word587,ワード587
word588,ワード588
word589,ワード589
word590,ワード590
word591,ワード591
word592,ワード592
word593,ワード593
word594,ワード594
word595,ワード595
word596,ワード596
word597,ワード597
word598,ワード598
word599,ワード599
word600,ワード600
word601,ワード601
word602,ワード602
word603,ワード603
word604,ワード604
word605,ワード605
word606,ワード606
word607,ワード607
word608,ワード608
word609,ワード609
word610,ワード610
word611,ワード611
word612,ワード612
word613,ワード613
word614,ワード614
word615,ワード615
word616,ワード616
word617,ワード617
word618,ワード618
word619,ワード619
word620,ワード620
word621,ワード621
word622,ワード622
word623,ワード623
word624,ワード624
word625,ワード625
word626,ワード626
word627,ワード627
word628,ワード628
word629,ワード629
word630,ワード630
word631,ワード631
word632,ワード632
word633,ワード633
word634,ワード634
word635,ワード635
word636,ワード636
word637,ワード637
word638,ワード638
word639,ワード639
word640,ワード640
word641,ワード641
word642,ワード642
word643,ワード643
word644,ワード644
word645,ワード645
word646,ワード646
word647,ワード647
word648,ワード648
word649,ワード649
word650,ワード650
word651,ワード651
word652,ワード652
word653,ワード653
word654,ワード654
word655,ワード655
word656,ワード656
word657,ワード657
word658,ワード658
word659,ワード659
word660,ワード660
word661,ワード661
word662,ワード662
word663,ワード663
word664,ワード664
word665,ワード665
word666,ワード666
word667,ワード667
word668,ワード668
word669,ワード669
word670,ワード670
word671,ワード671
word672,ワード672
word673,ワード673
word674,ワード674
word675,ワード675
word676,ワード676
word677,ワード677
word678,ワード678
word679,ワード679
word680,ワード680
word681,ワード681
word682,ワード682
word683,ワード683
word684,ワード684
word685,ワード685
word686,ワード686
word687,ワード687
word688,ワード688
word689,ワード689
word690,ワード690
word691,ワード691
word692,ワード692
word693,ワード693
word694,ワード694
word695,ワード695
word696,ワード696
word697,ワード697
word698,ワード698
word699,ワード699
word700,ワード700
word701,ワード701
word702,ワード702
word703,ワード703
word704,ワード704
word705,ワード705
word706,ワード706
word707,ワード707
word708,ワード708
word709,ワード709
word710,ワード710
word711,ワード711
word712,ワード712
word713,ワード713
word714,ワード714
word715,ワード715
word716,ワード716
word717,ワード717
word718,ワード718
word719,ワード719
word720,ワード720
word721,ワード721
word722,ワード722
word723,ワード723
word724,ワード724
word725,ワード725
word726,ワード726
word727,ワード727
word728,ワード728
word729,ワード729
word730,ワード730
word731,ワード731
word732,ワード732
word733,ワード733
word734,ワード734
word735,ワード735
word736,ワード736
word737,ワード737
word738,ワード738
word739,ワード739
word740,ワード740
word741,ワード741
word742,ワード742
word743,ワード743
word744,ワード744
word745,ワード745
word746,ワード746
word747,ワード747
word748,ワード748
word749,ワード749
word750,ワード750
word751,ワード751
word752,ワード752
word753,ワード753
word754,ワード754
word755,ワード755
word756,ワード756
word757,ワード757
word758,ワード758
word759,ワード759
word760,ワード760
word761,ワード761
word762,ワード762
word763,ワード763
word764,ワード764
word765,ワード765
word766,ワード766
word767,ワード767
word768,ワード768
word769,ワード769
word770,ワード770
word771,ワード771
word772,ワード772
word773,ワード773
word774,ワード774
word775,ワード775
word776,ワード776
word777,ワード777
word778,ワード778
word779,ワード779
word780,ワード780
word781,ワード781
word782,ワード782
word783,ワード783
word784,ワード784
word785,ワード785
word786,ワード786
word787,ワード787
word788,ワード788
word789,ワード789
word790,ワード790
word791,ワード791
word792,ワード792
word793,ワード793
word794,ワード794
word795,ワード795
word796,ワード796
word797,ワード797
word798,ワード798
word799,ワード799
word800,ワード800
word801,ワード801
word802,ワード802
word803,ワード803
word804,ワード804
word805,ワード805
word806,ワード806
word807,ワード807
word808,ワード808
word809,ワード809
word810,ワード810
word811,ワード811
word812,ワード812
word813,ワード813
word814,ワード814
word815,ワード815
word816,ワード816
word817,ワード817
word818,ワード818
word819,ワード819
word820,ワード820
word821,ワード821
word822,ワード822
word823,ワード823
word824,ワード824
word825,ワード825
word826,ワード826
word827,ワード827
word828,ワード828
word829,ワード829
word830,ワード830
word831,ワード831
word832,ワード832
word833,ワード833
word834,ワード834
word835,ワード835
word836,ワード836
word837,ワード837
word838,ワード838
word839,ワード839
word840,ワード840
word841,ワード841
word842,ワード842
word843,ワード843
word844,ワード844
word845,ワード845
word846,ワード846
word847,ワード847
word848,ワード848
word849,ワード849
word850,ワード850
word851,ワード851
word852,ワード852
word853,ワード853
word854,ワード854
word855,ワード855
word856,ワード856
word857,ワード857
word858,ワード858
word859,ワード859
word860,ワード860
word861,ワード861
word862,ワード862
word863,ワード863
word864,ワード864
word865,ワード865
word866,ワード866
word867,ワード867
word868,ワード868
word869,ワード869
word870,ワード870
word871,ワード871
word872,ワード872
word873,ワード873
word874,ワード874
word875,ワード875
word876,ワード876
word877,ワード877
word878,ワード878
word879,ワード879
word880,ワード880
word881,ワード881
word882,ワード882
word883,ワード883
word884,ワード884
word885,ワード885
word886,ワード886
word887,ワード887
word888,ワード888
word889,ワード889
word890,ワード890
word891,ワード891
word892,ワード892
word893,ワード893
word894,ワード894
word895,ワード895
word896,ワード896
word897,ワード897
word898,ワード898
word899,ワード899
word900,ワード900
word901,ワード901
word902,ワード902
word903,ワード903
word904,ワード904
word905,ワード905
word906,ワード906
word907,ワード907
word908,ワード908
word909,ワード909
word910,ワード910
word911,ワード911
word912,ワード912
word913,ワード913
word914,ワード914
word915,ワード915
word916,ワード916
word917,ワード917
word918,ワード918
word919,ワード919
word920,ワード920
word921,ワード921
word922,ワード922
word923,ワード923
word924,ワード924
word925,ワード925
word926,ワード926
word927,ワード927
word928,ワード928
word929,ワード929
word930,ワード930
word931,ワード931
word932,ワード932
word933,ワード933
word934,ワード934
word935,ワード935
word936,ワード936
word937,ワード937
word938,ワード938
word939,ワード939
word940,ワード940
word941,ワード941
word942,ワード942
word943,ワード943
word944,ワード944
word945,ワード945
word946,ワード946
word947,ワード947
word948,ワード948
word949,ワード949
word950,ワード950
word951,ワード951
word952,ワード952
word953,ワード953
word954,ワード954
word955,ワード955
word956,ワード956
word957,ワード957
word958,ワード958
word959,ワード959
word960,ワード960
word961,ワード961
word962,ワード962
word963,ワード963
word964,ワード964
word965,ワード965
word966,ワード966
word967,ワード967
word968,ワード968
word969,ワード969
word970,ワード970
word971,ワード971
word972,ワード972
word973,ワード973
word974,ワード974
word975,ワード975
word976,ワード976
word977,ワード977
word978,ワード978
word979,ワード979
word980,ワード980
word981,ワード981
word982,ワード982
word983,ワード983
word984,ワード984
word985,ワード985
word986,ワード986
word987,ワード987
word988,ワード988
word989,ワード989
word990,ワード990
word991,ワード991
word992,ワード992
word993,ワード993
word994,ワード994
word995,ワード995
word996,ワード996
word997,ワード997
word998,ワード998
word999,ワード999
word1000,ワード1000
